id,tps_id,calon_id,jumlah
1,218443,37,18
2,218444,37,15
3,218445,37,31
4,218446,37,14
5,218447,37,33
6,218448,37,27
7,218449,37,24
8,218450,37,10
9,218451,37,12
10,218452,37,6
11,218453,37,26
12,218454,37,21
13,218455,37,29
14,218456,37,28
15,218457,37,0
16,218458,37,10
17,218459,37,8
18,218460,37,9
19,218461,37,33
20,218462,37,29
21,218463,37,15
22,218464,37,27
23,218465,37,23
24,218466,37,3
25,218467,37,1
26,218468,37,29
27,218469,37,19
28,218470,37,10
29,218471,37,23
30,218472,37,5
31,218473,37,14
32,218474,37,16
33,218475,37,9
34,218476,37,25
35,218477,37,23
36,218478,37,19
37,218479,37,12
38,218480,37,3
39,218481,37,27
40,218482,37,18
41,218483,37,30
42,218484,37,27
43,218485,37,18
44,218486,37,14
45,218487,37,12
46,218488,37,30
47,218489,37,19
48,218490,37,22
49,218491,37,31
50,218492,37,29
51,218493,37,12
52,218494,37,3
53,218495,37,24
54,218496,37,4
55,218497,37,2
56,218498,37,12
57,218499,37,20
58,218500,37,21
59,218501,37,13
60,218502,37,3
61,218503,37,7
62,218504,37,13
63,218505,37,3
64,218506,37,13
65,218507,37,26
66,218508,37,28
67,218509,37,28
68,218510,37,30
69,218511,37,20
70,218512,37,2
71,218513,37,15
72,218514,37,10
73,218515,37,8
74,218516,37,16
75,218517,37,6
76,218518,37,2
77,218519,37,10
78,218520,37,1
79,218521,37,13
80,218522,37,27
81,218523,37,13
82,218524,37,18
83,218525,37,22
84,218526,37,10
85,218527,37,28
86,218528,37,3
87,218529,37,0
88,218530,37,14
89,218531,37,20
90,218532,37,5
91,218533,37,33
92,218534,37,13
93,218535,37,18
94,218536,37,16
95,218537,37,8
96,218538,37,12
97,218539,37,25
98,218540,37,23
99,218541,37,25
100,218542,37,22
101,218543,37,32
102,218544,37,1
103,218545,37,25
104,218546,37,11
105,218547,37,6
106,218548,37,31
107,218549,37,16
108,218550,37,5
109,218551,37,13
110,218552,37,24
111,218553,37,13
112,218554,37,14
113,218555,37,19
114,218556,37,10
115,218557,37,31
116,218558,37,31
117,218559,37,25
118,218560,37,11
119,218561,37,18
120,218562,37,1
121,218563,37,12
122,218564,37,0
123,218565,37,6
124,218566,37,9
125,218567,37,17
126,218568,37,30
127,218569,37,15
128,218570,37,0
129,218571,37,27
130,218572,37,19
131,218573,37,11
132,218574,37,33
133,218575,37,20
134,218576,37,0
135,218577,37,16
136,218578,37,6
137,218579,37,25
138,218580,37,7
139,218581,37,28
140,218582,37,30
141,218583,37,13
142,218584,37,22
143,218585,37,26
144,218586,37,20
145,218587,37,22
146,218588,37,19
147,218589,37,4
148,218590,37,14
149,218591,37,9
150,218592,37,14
151,218593,37,31
152,218594,37,33
153,218595,37,6
154,218596,37,2
155,218597,37,1
156,218598,37,28
157,218599,37,32
158,218600,37,6
159,218601,37,28
160,218602,37,5
161,218603,37,25
162,218604,37,11
163,218605,37,22
164,218606,37,21
165,218607,37,18
166,218608,37,6
167,218609,37,24
168,218610,37,5
169,218611,37,24
170,218612,37,20
171,218613,37,25
172,218614,37,2
173,218615,37,33
174,218616,37,5
175,218617,37,9
176,218618,37,23
177,218619,37,11
178,218620,37,25
179,218621,37,25
180,218622,37,24
181,218623,37,29
182,218624,37,25
183,218625,37,23
184,218626,37,5
185,218627,37,23
186,218628,37,5
187,218629,37,26
188,218630,37,28
189,218631,37,2
190,218632,37,19
191,218633,37,26
192,218634,37,28
193,218635,37,0
194,218636,37,8
195,218637,37,24
196,218638,37,23
197,218639,37,3
198,218640,37,14
199,218641,37,13
200,218642,37,1
201,218643,37,0
202,218644,37,0
203,218645,37,14
204,218646,37,9
205,218647,37,7
206,218648,37,5
207,218649,37,7
208,218650,37,1
209,218651,37,32
210,218652,37,33
211,218653,37,31
212,218654,37,12
213,218655,37,14
214,218656,37,0
215,218657,37,25
216,218658,37,16
217,218659,37,31
218,218660,37,33
219,218661,37,29
220,218662,37,18
221,218663,37,12
222,218664,37,29
223,218665,37,25
224,218666,37,20
225,218667,37,15
226,218668,37,8
227,218669,37,17
228,218670,37,25
229,218671,37,19
230,218672,37,0
231,218673,37,23
232,218674,37,33
233,218675,37,1
234,218676,37,23
235,218677,37,19
236,218678,37,30
237,218679,37,20
238,218680,37,9
239,218681,37,17
240,218682,37,32
241,218683,37,10
242,218684,37,1
243,218685,37,21
244,218686,37,12
245,218687,37,30
246,218688,37,6
247,218689,37,20
248,218690,37,27
249,218691,37,15
250,218692,37,2
251,218693,37,33
252,218694,37,30
253,218695,37,21
254,218696,37,17
255,218697,37,8
256,218698,37,2
257,218699,37,30
258,218700,37,2
259,218701,37,17
260,218702,37,26
261,218703,37,28
262,218704,37,11
263,218705,37,7
264,218706,37,0
265,218707,37,10
266,218708,37,22
267,218709,37,3
268,218710,37,25
269,218711,37,5
270,218712,37,27
271,218713,37,10
272,218714,37,23
273,218715,37,9
274,218716,37,12
275,218717,37,3
276,218718,37,10
277,218719,37,31
278,218720,37,3
279,218721,37,32
280,218722,37,2
281,218723,37,26
282,218724,37,21
283,218725,37,4
284,218726,37,1
285,218727,37,26
286,218728,37,16
287,218729,37,5
288,218730,37,22
289,218731,37,27
290,218732,37,13
291,218733,37,31
292,218734,37,8
293,218735,37,19
294,218736,37,32
295,218737,37,25
296,218738,37,10
297,218739,37,21
298,218740,37,1
299,218741,37,19
300,218742,37,19
301,218743,37,33
302,218744,37,25
303,218745,37,28
304,218746,37,29
305,218747,37,13
306,218748,37,4
307,218749,37,24
308,218750,37,14
309,218751,37,13
310,218752,37,29
311,218753,37,24
312,218754,37,8
313,218755,37,20
314,218756,37,20
315,218757,37,25
316,218758,37,19
317,218759,37,30
318,218760,37,3
319,218761,37,15
320,218762,37,28
321,218763,37,32
322,218764,37,23
323,218765,37,28
324,218766,37,24
325,218767,37,9
326,218768,37,4
327,218769,37,1
328,218770,37,16
329,218771,37,21
330,218772,37,25
331,218773,37,5
332,218774,37,2
333,218775,37,8
334,218776,37,21
335,218777,37,22
336,218778,37,20
337,218779,37,31
338,218780,37,2
339,218781,37,3
340,218782,37,30
341,218783,37,7
342,218784,37,6
343,218785,37,33
344,218786,37,18
345,218787,37,15
346,218788,37,5
347,218789,37,0
348,218790,37,23
349,218791,37,6
350,218792,37,8
351,218793,37,30
352,218794,37,1
353,218795,37,21
354,218796,37,16
355,218797,37,2
356,218798,37,5
357,218799,37,20
358,218800,37,5
359,218801,37,9
360,218802,37,12
361,218803,37,18
362,218804,37,12
363,218805,37,25
364,218806,37,16
365,218807,37,6
366,218808,37,10
367,218809,37,19
368,218810,37,12
369,218811,37,32
370,218812,37,33
371,218813,37,17
372,218814,37,12
373,218815,37,12
374,218816,37,20
375,218817,37,29
376,218818,37,14
377,218819,37,30
378,218820,37,7
379,218821,37,3
380,218822,37,4
381,218823,37,1
382,218824,37,27
383,218825,37,11
384,218826,37,12
385,218827,37,0
386,218828,37,17
387,218829,37,8
388,218830,37,15
389,218831,37,4
390,218832,37,13
391,218833,37,12
392,218834,37,28
393,218835,37,17
394,218836,37,32
395,218837,37,20
396,218838,37,29
397,218839,37,10
398,218840,37,4
399,218841,37,6
400,218842,37,24
401,218843,37,12
402,218844,37,20
403,218845,37,24
404,218846,37,20
405,218847,37,21
406,218848,37,15
407,218849,37,9
408,218850,37,21
409,218851,37,31
410,218852,37,19
411,218853,37,4
412,218854,37,14
413,218855,37,8
414,218856,37,6
415,218857,37,21
416,218858,37,17
417,218859,37,6
418,218860,37,19
419,218861,37,5
420,218862,37,23
421,218863,37,0
422,218864,37,1
423,218865,37,27
424,218866,37,1
425,218867,37,16
426,218868,37,2
427,218869,37,10
428,218870,37,28
429,218871,37,7
430,218872,37,31
431,218873,37,6
432,218874,37,11
433,218875,37,25
434,218876,37,29
435,218877,37,27
436,218878,37,27
437,218879,37,5
438,218880,37,25
439,218881,37,29
440,218882,37,21
441,218883,37,3
442,218884,37,25
443,218885,37,19
444,218886,37,26
445,218887,37,12
446,218888,37,4
447,218889,37,24
448,218890,37,8
449,218891,37,31
450,218892,37,29
451,218893,37,30
452,218894,37,17
453,218895,37,18
454,218896,37,5
455,218897,37,9
456,218898,37,9
457,218899,37,26
458,218900,37,3
459,218901,37,13
460,218902,37,24
461,218903,37,26
462,218904,37,28
463,218905,37,20
464,218906,37,3
465,218907,37,23
466,218908,37,11
467,218909,37,30
468,218910,37,8
469,218911,37,6
470,218912,37,31
471,218913,37,25
472,218914,37,0
473,218915,37,32
474,218916,37,5
475,218917,37,27
476,218918,37,32
477,218919,37,31
478,218920,37,16
479,218921,37,2
480,218922,37,18
481,218923,37,20
482,218924,37,10
483,218925,37,19
484,218926,37,29
485,218927,37,15
486,218928,37,13
487,218929,37,21
488,218930,37,26
489,218931,37,1
490,218932,37,5
491,218933,37,24
492,218934,37,13
493,218935,37,4
494,218936,37,0
495,218937,37,32
496,218938,37,14
497,218939,37,8
498,218940,37,22
499,218941,37,20
500,218942,37,19
501,218943,37,7
502,218944,37,21
503,218945,37,14
504,218946,37,2
505,218947,37,27
506,218948,37,26
507,218949,37,4
508,218950,37,20
509,218951,37,19
510,218952,37,27
511,218953,37,23
512,218954,37,17
513,218955,37,22
514,218956,37,5
515,218957,37,6
516,218958,37,9
517,218959,37,2
518,218960,37,19
519,218961,37,8
520,218962,37,27
521,218963,37,31
522,218964,37,26
523,218965,37,5
524,218966,37,22
525,218967,37,6
526,218968,37,10
527,218969,37,32
528,218970,37,30
529,218971,37,22
530,218972,37,4
531,218973,37,8
532,218974,37,12
533,218975,37,31
534,218976,37,8
535,218977,37,25
536,218978,37,20
537,218979,37,32
538,218980,37,17
539,218981,37,13
540,218982,37,19
541,218983,37,2
542,218984,37,17
543,218985,37,24
544,218986,37,6
545,218987,37,7
546,218988,37,19
547,218989,37,4
548,218990,37,23
549,218991,37,33
550,218992,37,28
551,218993,37,12
552,218994,37,12
553,218995,37,19
554,218996,37,3
555,218997,37,11
556,218998,37,25
557,218999,37,28
558,219000,37,5
559,219001,37,13
560,219002,37,8
561,219003,37,21
562,219004,37,25
563,219005,37,23
564,219006,37,19
565,219007,37,14
566,219008,37,7
567,219009,37,5
568,219010,37,33
569,219011,37,17
570,219012,37,15
571,219013,37,14
572,219014,37,28
573,219015,37,26
574,219016,37,21
575,219017,37,1
576,219018,37,12
577,219019,37,22
578,219020,37,2
579,219021,37,19
580,219022,37,11
581,219023,37,22
582,219024,37,23
583,219025,37,28
584,219026,37,19
585,219027,37,29
586,219028,37,32
587,219029,37,25
588,219030,37,31
589,219031,37,25
590,219032,37,10
591,219033,37,11
592,219034,37,4
593,219035,37,18
594,219036,37,27
595,219037,37,14
596,219038,37,24
597,219039,37,11
598,219040,37,5
599,219041,37,15
600,219042,37,28
601,219043,37,5
602,219044,37,0
603,219045,37,11
604,219046,37,1
605,219047,37,15
606,219048,37,33
607,219049,37,22
608,219050,37,7
609,219051,37,14
610,219052,37,25
611,219053,37,24
612,219054,37,22
613,219055,37,6
614,219056,37,1
615,219057,37,0
616,219058,37,16
617,219059,37,18
618,219060,37,27
619,219061,37,19
620,219062,37,24
621,219063,37,13
622,219064,37,3
623,219065,37,15
624,219066,37,6
625,219067,37,20
626,219068,37,32
627,219069,37,13
628,219070,37,15
629,219071,37,5
630,219072,37,22
631,219073,37,18
632,219074,37,12
633,219075,37,19
634,219076,37,26
635,219077,37,22
636,219078,37,1
637,219079,37,13
638,219080,37,6
639,219081,37,18
640,219082,37,15
641,219083,37,27
642,219084,37,3
643,219085,37,2
644,219086,37,6
645,219087,37,16
646,219088,37,7
647,219089,37,0
648,219090,37,16
649,219091,37,7
650,219092,37,23
651,219093,37,33
652,219094,37,3
653,219095,37,21
654,219096,37,5
655,219097,37,22
656,219098,37,3
657,219099,37,33
658,219100,37,7
659,219101,37,28
660,219102,37,26
661,219103,37,2
662,219104,37,20
663,219105,37,31
664,219106,37,27
665,219107,37,5
666,219108,37,12
667,219109,37,29
668,219110,37,30
669,219111,37,9
670,219112,37,3
671,219113,37,9
672,219114,37,16
673,219115,37,11
674,219116,37,20
675,219117,37,30
676,219118,37,4
677,219119,37,5
678,219120,37,3
679,219121,37,11
680,219122,37,22
681,219123,37,28
682,219124,37,12
683,219125,37,14
684,219126,37,3
685,219127,37,11
686,219128,37,22
687,219129,37,30
688,219130,37,23
689,219131,37,14
690,219132,37,10
691,219133,37,1
692,219134,37,24
693,219135,37,22
694,219136,37,17
695,219137,37,1
696,219138,37,22
697,219139,37,7
698,219140,37,8
699,219141,37,10
700,219142,37,12
701,219143,37,11
702,219144,37,4
703,219145,37,6
704,219146,37,20
705,219147,37,30
706,219148,37,20
707,219149,37,12
708,219150,37,8
709,219151,37,6
710,219152,37,23
711,219153,37,23
712,219154,37,29
713,219155,37,12
714,219156,37,24
715,219157,37,26
716,219158,37,30
717,219159,37,24
718,219160,37,13
719,219161,37,24
720,219162,37,19
721,219163,37,20
722,219164,37,33
723,219165,37,20
724,219166,37,29
725,219167,37,16
726,219168,37,24
727,219169,37,0
728,219170,37,24
729,219171,37,30
730,219172,37,26
731,219173,37,12
732,219174,37,3
733,219175,37,13
734,219176,37,14
735,219177,37,4
736,219178,37,15
737,219179,37,18
738,219180,37,3
739,219181,37,7
740,219182,37,9
741,219183,37,15
742,219184,37,32
743,219185,37,11
744,219186,37,10
745,219187,37,25
746,219188,37,6
747,219189,37,6
748,219190,37,9
749,219191,37,26
750,219192,37,33
751,219193,37,9
752,219194,37,26
753,219195,37,11
754,219196,37,13
755,219197,37,22
756,219198,37,22
757,219199,37,10
758,219200,37,14
759,219201,37,4
760,219202,37,6
761,219203,37,23
762,219204,37,12
763,219205,37,18
764,219206,37,26
765,219207,37,21
766,219208,37,12
767,219209,37,14
768,219210,37,21
769,219211,37,27
770,219212,37,4
771,219213,37,31
772,219214,37,1
773,219215,37,8
774,219216,37,21
775,219217,37,5
776,219218,37,1
777,219219,37,26
778,219220,37,8
779,219221,37,13
780,219222,37,33
781,219223,37,32
782,219224,37,1
783,219225,37,19
784,219226,37,6
785,219227,37,27
786,219228,37,30
787,219229,37,26
788,219230,37,4
789,219231,37,6
790,219232,37,11
791,219233,37,25
792,219234,37,30
793,219235,37,27
794,219236,37,11
795,219237,37,29
796,219238,37,28
797,219239,37,9
798,219240,37,32
799,219241,37,5
800,219242,37,0
801,219243,37,4
802,219244,37,30
803,219245,37,6
804,219246,37,32
805,219247,37,19
806,219248,37,0
807,219249,37,14
808,219250,37,18
809,219251,37,13
810,219252,37,3
811,219253,37,25
812,219254,37,2
813,219255,37,32
814,219256,37,18
815,219257,37,23
816,219258,37,25
817,219259,37,32
818,219260,37,24
819,219261,37,0
820,219262,37,2
821,219263,37,6
822,219264,37,20
823,219265,37,8
824,219266,37,29
825,219267,37,24
826,219268,37,20
827,219269,37,0
828,219270,37,26
829,219271,37,10
830,219272,37,31
831,219273,37,21
832,219274,37,1
833,219275,37,11
834,219276,37,12
835,219277,37,14
836,219278,37,23
837,219279,37,20
838,219280,37,23
839,219281,37,20
840,219282,37,18
841,219283,37,8
842,219284,37,13
843,219285,37,33
844,219286,37,1
845,219287,37,9
846,219288,37,4
847,219289,37,1
848,219290,37,17
849,219291,37,28
850,219292,37,5
851,219293,37,4
852,219294,37,10
853,219295,37,3
854,219296,37,7
855,219297,37,3
856,219298,37,19
857,219299,37,19
858,219300,37,13
859,219301,37,14
860,219302,37,32
861,219303,37,31
862,219304,37,0
863,219305,37,14
864,219306,37,2
865,219307,37,18
866,219308,37,7
867,219309,37,21
868,219310,37,9
869,219311,37,7
870,219312,37,6
871,219313,37,28
872,219314,37,21
873,219315,37,1
874,219316,37,26
875,219317,37,5
876,219318,37,20
877,219319,37,21
878,219320,37,24
879,219321,37,23
880,219322,37,21
881,219323,37,14
882,219324,37,5
883,219325,37,33
884,219326,37,31
885,219327,37,22
886,219328,37,22
887,219329,37,9
888,219330,37,4
889,219331,37,32
890,219332,37,8
891,219333,37,19
892,219334,37,8
893,219335,37,5
894,219336,37,23
895,219337,37,18
896,219338,37,4
897,219339,37,20
898,219340,37,20
899,219341,37,24
900,219342,37,32
901,219343,37,1
902,219344,37,33
903,219345,37,0
904,219346,37,9
905,219347,37,33
906,219348,37,32
907,219349,37,31
908,219350,37,15
909,219351,37,17
910,219352,37,0
911,219353,37,11
912,219354,37,11
913,219355,37,32
914,219356,37,22
915,219357,37,5
916,219358,37,2
917,219359,37,8
918,219360,37,29
919,219361,37,11
920,219362,37,33
921,219363,37,23
922,219364,37,28
923,219365,37,1
924,219366,37,12
925,219367,37,14
926,219368,37,26
927,219369,37,16
928,219370,37,21
929,219371,37,4
930,219372,37,27
931,219373,37,13
932,219374,37,3
933,219375,37,20
934,219376,37,30
935,219377,37,0
936,219378,37,1
937,219379,37,24
938,219380,37,33
939,219381,37,33
940,219382,37,14
941,219383,37,17
942,219384,37,6
943,219385,37,16
944,219386,37,24
945,219387,37,25
946,219388,37,30
947,219389,37,14
948,219390,37,21
949,219391,37,22
950,219392,37,9
951,219393,37,30
952,219394,37,25
953,219395,37,16
954,219396,37,20
955,219397,37,0
956,219398,37,13
957,219399,37,16
958,219400,37,2
959,219401,37,2
960,219402,37,9
961,219403,37,32
962,219404,37,8
963,219405,37,17
964,219406,37,0
965,219407,37,9
966,219408,37,15
967,219409,37,33
968,219410,37,5
969,219411,37,19
970,219412,37,10
971,219413,37,6
972,219414,37,10
973,219415,37,12
974,219416,37,32
975,219417,37,22
976,219418,37,33
977,219419,37,5
978,219420,37,31
979,219421,37,23
980,219422,37,27
981,219423,37,17
982,219424,37,14
983,219425,37,15
984,219426,37,12
985,219427,37,9
986,219428,37,7
987,219429,37,2
988,219430,37,13
989,219431,37,25
990,219432,37,22
991,219433,37,16
992,219434,37,33
993,219435,37,20
994,219436,37,24
995,219437,37,30
996,219438,37,25
997,219439,37,31
998,219440,37,30
999,219441,37,4
1000,219442,37,1
1001,219443,37,5
1002,219444,37,22
1003,219445,37,29
1004,219446,37,26
1005,219447,37,18
1006,219448,37,3
1007,219449,37,15
1008,219450,37,17
1009,219451,37,29
1010,219452,37,9
1011,219453,37,21
1012,219454,37,27
1013,219455,37,14
1014,219456,37,21
1015,219457,37,12
1016,219458,37,25
1017,219459,37,14
1018,219460,37,15
1019,219461,37,6
1020,219462,37,4
1021,219463,37,15
1022,219464,37,10
1023,219465,37,15
1024,219466,37,11
1025,219467,37,3
1026,219468,37,18
1027,219469,37,20
1028,219470,37,17
1029,219471,37,20
1030,219472,37,20
1031,219473,37,19
1032,219474,37,22
1033,219475,37,25
1034,219476,37,13
1035,219477,37,20
1036,219478,37,26
1037,219479,37,30
1038,219480,37,28
1039,219481,37,0
1040,219482,37,18
1041,219483,37,23
1042,219484,37,20
1043,219485,37,13
1044,219486,37,8
1045,219487,37,10
1046,219488,37,30
1047,219489,37,11
1048,219490,37,8
1049,219491,37,17
1050,219492,37,2
1051,219493,37,26
1052,219494,37,15
1053,219495,37,33
1054,219496,37,7
1055,219497,37,13
1056,219498,37,9
1057,219499,37,22
1058,218443,38,4
1059,218444,38,5
1060,218445,38,25
1061,218446,38,14
1062,218447,38,15
1063,218448,38,2
1064,218449,38,17
1065,218450,38,12
1066,218451,38,11
1067,218452,38,23
1068,218453,38,29
1069,218454,38,8
1070,218455,38,1
1071,218456,38,8
1072,218457,38,23
1073,218458,38,22
1074,218459,38,32
1075,218460,38,25
1076,218461,38,22
1077,218462,38,30
1078,218463,38,12
1079,218464,38,30
1080,218465,38,3
1081,218466,38,7
1082,218467,38,10
1083,218468,38,33
1084,218469,38,21
1085,218470,38,33
1086,218471,38,20
1087,218472,38,4
1088,218473,38,26
1089,218474,38,20
1090,218475,38,15
1091,218476,38,18
1092,218477,38,8
1093,218478,38,14
1094,218479,38,30
1095,218480,38,8
1096,218481,38,18
1097,218482,38,22
1098,218483,38,9
1099,218484,38,18
1100,218485,38,27
1101,218486,38,7
1102,218487,38,13
1103,218488,38,11
1104,218489,38,27
1105,218490,38,23
1106,218491,38,6
1107,218492,38,30
1108,218493,38,1
1109,218494,38,31
1110,218495,38,12
1111,218496,38,7
1112,218497,38,21
1113,218498,38,4
1114,218499,38,29
1115,218500,38,26
1116,218501,38,31
1117,218502,38,33
1118,218503,38,28
1119,218504,38,7
1120,218505,38,4
1121,218506,38,20
1122,218507,38,31
1123,218508,38,1
1124,218509,38,23
1125,218510,38,14
1126,218511,38,8
1127,218512,38,7
1128,218513,38,22
1129,218514,38,15
1130,218515,38,5
1131,218516,38,18
1132,218517,38,3
1133,218518,38,1
1134,218519,38,5
1135,218520,38,33
1136,218521,38,5
1137,218522,38,26
1138,218523,38,8
1139,218524,38,0
1140,218525,38,9
1141,218526,38,16
1142,218527,38,20
1143,218528,38,15
1144,218529,38,24
1145,218530,38,2
1146,218531,38,30
1147,218532,38,4
1148,218533,38,16
1149,218534,38,1
1150,218535,38,11
1151,218536,38,0
1152,218537,38,27
1153,218538,38,8
1154,218539,38,13
1155,218540,38,2
1156,218541,38,27
1157,218542,38,16
1158,218543,38,30
1159,218544,38,29
1160,218545,38,21
1161,218546,38,26
1162,218547,38,22
1163,218548,38,21
1164,218549,38,4
1165,218550,38,28
1166,218551,38,8
1167,218552,38,11
1168,218553,38,11
1169,218554,38,33
1170,218555,38,33
1171,218556,38,30
1172,218557,38,25
1173,218558,38,13
1174,218559,38,10
1175,218560,38,32
1176,218561,38,25
1177,218562,38,6
1178,218563,38,10
1179,218564,38,4
1180,218565,38,23
1181,218566,38,15
1182,218567,38,22
1183,218568,38,18
1184,218569,38,30
1185,218570,38,16
1186,218571,38,10
1187,218572,38,23
1188,218573,38,8
1189,218574,38,29
1190,218575,38,13
1191,218576,38,27
1192,218577,38,23
1193,218578,38,9
1194,218579,38,24
1195,218580,38,24
1196,218581,38,12
1197,218582,38,10
1198,218583,38,27
1199,218584,38,30
1200,218585,38,15
1201,218586,38,29
1202,218587,38,25
1203,218588,38,3
1204,218589,38,30
1205,218590,38,28
1206,218591,38,4
1207,218592,38,5
1208,218593,38,30
1209,218594,38,1
1210,218595,38,21
1211,218596,38,19
1212,218597,38,0
1213,218598,38,12
1214,218599,38,5
1215,218600,38,24
1216,218601,38,19
1217,218602,38,27
1218,218603,38,10
1219,218604,38,27
1220,218605,38,5
1221,218606,38,5
1222,218607,38,26
1223,218608,38,29
1224,218609,38,17
1225,218610,38,18
1226,218611,38,11
1227,218612,38,20
1228,218613,38,22
1229,218614,38,1
1230,218615,38,19
1231,218616,38,2
1232,218617,38,23
1233,218618,38,27
1234,218619,38,26
1235,218620,38,19
1236,218621,38,17
1237,218622,38,31
1238,218623,38,23
1239,218624,38,6
1240,218625,38,1
1241,218626,38,4
1242,218627,38,9
1243,218628,38,18
1244,218629,38,27
1245,218630,38,17
1246,218631,38,13
1247,218632,38,1
1248,218633,38,7
1249,218634,38,16
1250,218635,38,7
1251,218636,38,33
1252,218637,38,1
1253,218638,38,10
1254,218639,38,20
1255,218640,38,33
1256,218641,38,27
1257,218642,38,28
1258,218643,38,17
1259,218644,38,17
1260,218645,38,32
1261,218646,38,18
1262,218647,38,13
1263,218648,38,33
1264,218649,38,14
1265,218650,38,21
1266,218651,38,28
1267,218652,38,4
1268,218653,38,17
1269,218654,38,22
1270,218655,38,7
1271,218656,38,15
1272,218657,38,10
1273,218658,38,19
1274,218659,38,8
1275,218660,38,28
1276,218661,38,27
1277,218662,38,23
1278,218663,38,17
1279,218664,38,11
1280,218665,38,6
1281,218666,38,6
1282,218667,38,5
1283,218668,38,2
1284,218669,38,9
1285,218670,38,0
1286,218671,38,4
1287,218672,38,19
1288,218673,38,13
1289,218674,38,17
1290,218675,38,29
1291,218676,38,27
1292,218677,38,30
1293,218678,38,23
1294,218679,38,18
1295,218680,38,25
1296,218681,38,13
1297,218682,38,9
1298,218683,38,6
1299,218684,38,19
1300,218685,38,22
1301,218686,38,0
1302,218687,38,20
1303,218688,38,29
1304,218689,38,13
1305,218690,38,30
1306,218691,38,18
1307,218692,38,24
1308,218693,38,22
1309,218694,38,13
1310,218695,38,17
1311,218696,38,13
1312,218697,38,3
1313,218698,38,8
1314,218699,38,17
1315,218700,38,16
1316,218701,38,25
1317,218702,38,13
1318,218703,38,27
1319,218704,38,25
1320,218705,38,32
1321,218706,38,8
1322,218707,38,20
1323,218708,38,29
1324,218709,38,16
1325,218710,38,22
1326,218711,38,29
1327,218712,38,1
1328,218713,38,2
1329,218714,38,13
1330,218715,38,6
1331,218716,38,1
1332,218717,38,31
1333,218718,38,30
1334,218719,38,19
1335,218720,38,1
1336,218721,38,20
1337,218722,38,12
1338,218723,38,16
1339,218724,38,0
1340,218725,38,4
1341,218726,38,29
1342,218727,38,14
1343,218728,38,28
1344,218729,38,14
1345,218730,38,10
1346,218731,38,26
1347,218732,38,19
1348,218733,38,2
1349,218734,38,18
1350,218735,38,21
1351,218736,38,17
1352,218737,38,6
1353,218738,38,4
1354,218739,38,2
1355,218740,38,20
1356,218741,38,19
1357,218742,38,24
1358,218743,38,25
1359,218744,38,31
1360,218745,38,3
1361,218746,38,19
1362,218747,38,7
1363,218748,38,4
1364,218749,38,20
1365,218750,38,18
1366,218751,38,11
1367,218752,38,15
1368,218753,38,9
1369,218754,38,22
1370,218755,38,14
1371,218756,38,3
1372,218757,38,15
1373,218758,38,30
1374,218759,38,19
1375,218760,38,27
1376,218761,38,0
1377,218762,38,19
1378,218763,38,3
1379,218764,38,30
1380,218765,38,31
1381,218766,38,10
1382,218767,38,3
1383,218768,38,31
1384,218769,38,9
1385,218770,38,15
1386,218771,38,24
1387,218772,38,11
1388,218773,38,21
1389,218774,38,32
1390,218775,38,33
1391,218776,38,20
1392,218777,38,27
1393,218778,38,16
1394,218779,38,2
1395,218780,38,27
1396,218781,38,1
1397,218782,38,2
1398,218783,38,0
1399,218784,38,14
1400,218785,38,10
1401,218786,38,6
1402,218787,38,31
1403,218788,38,25
1404,218789,38,13
1405,218790,38,7
1406,218791,38,24
1407,218792,38,28
1408,218793,38,1
1409,218794,38,9
1410,218795,38,18
1411,218796,38,33
1412,218797,38,10
1413,218798,38,5
1414,218799,38,18
1415,218800,38,32
1416,218801,38,21
1417,218802,38,9
1418,218803,38,6
1419,218804,38,23
1420,218805,38,15
1421,218806,38,2
1422,218807,38,29
1423,218808,38,25
1424,218809,38,19
1425,218810,38,21
1426,218811,38,23
1427,218812,38,26
1428,218813,38,23
1429,218814,38,21
1430,218815,38,8
1431,218816,38,1
1432,218817,38,26
1433,218818,38,2
1434,218819,38,12
1435,218820,38,28
1436,218821,38,1
1437,218822,38,0
1438,218823,38,8
1439,218824,38,25
1440,218825,38,33
1441,218826,38,1
1442,218827,38,27
1443,218828,38,8
1444,218829,38,2
1445,218830,38,23
1446,218831,38,27
1447,218832,38,20
1448,218833,38,33
1449,218834,38,0
1450,218835,38,23
1451,218836,38,1
1452,218837,38,23
1453,218838,38,10
1454,218839,38,33
1455,218840,38,25
1456,218841,38,1
1457,218842,38,24
1458,218843,38,29
1459,218844,38,26
1460,218845,38,27
1461,218846,38,8
1462,218847,38,30
1463,218848,38,30
1464,218849,38,7
1465,218850,38,29
1466,218851,38,18
1467,218852,38,33
1468,218853,38,16
1469,218854,38,33
1470,218855,38,32
1471,218856,38,19
1472,218857,38,32
1473,218858,38,26
1474,218859,38,14
1475,218860,38,17
1476,218861,38,0
1477,218862,38,14
1478,218863,38,0
1479,218864,38,21
1480,218865,38,26
1481,218866,38,11
1482,218867,38,14
1483,218868,38,1
1484,218869,38,28
1485,218870,38,3
1486,218871,38,9
1487,218872,38,10
1488,218873,38,4
1489,218874,38,27
1490,218875,38,5
1491,218876,38,9
1492,218877,38,27
1493,218878,38,15
1494,218879,38,19
1495,218880,38,18
1496,218881,38,23
1497,218882,38,24
1498,218883,38,9
1499,218884,38,24
1500,218885,38,20
1501,218886,38,30
1502,218887,38,33
1503,218888,38,14
1504,218889,38,9
1505,218890,38,3
1506,218891,38,5
1507,218892,38,28
1508,218893,38,28
1509,218894,38,16
1510,218895,38,1
1511,218896,38,15
1512,218897,38,4
1513,218898,38,6
1514,218899,38,31
1515,218900,38,28
1516,218901,38,18
1517,218902,38,20
1518,218903,38,2
1519,218904,38,0
1520,218905,38,11
1521,218906,38,24
1522,218907,38,19
1523,218908,38,33
1524,218909,38,31
1525,218910,38,2
1526,218911,38,25
1527,218912,38,9
1528,218913,38,6
1529,218914,38,0
1530,218915,38,33
1531,218916,38,19
1532,218917,38,17
1533,218918,38,3
1534,218919,38,25
1535,218920,38,31
1536,218921,38,20
1537,218922,38,21
1538,218923,38,4
1539,218924,38,14
1540,218925,38,4
1541,218926,38,5
1542,218927,38,26
1543,218928,38,17
1544,218929,38,32
1545,218930,38,14
1546,218931,38,10
1547,218932,38,31
1548,218933,38,17
1549,218934,38,20
1550,218935,38,2
1551,218936,38,21
1552,218937,38,18
1553,218938,38,6
1554,218939,38,7
1555,218940,38,22
1556,218941,38,12
1557,218942,38,4
1558,218943,38,23
1559,218944,38,31
1560,218945,38,18
1561,218946,38,31
1562,218947,38,31
1563,218948,38,30
1564,218949,38,1
1565,218950,38,30
1566,218951,38,27
1567,218952,38,22
1568,218953,38,31
1569,218954,38,28
1570,218955,38,2
1571,218956,38,11
1572,218957,38,26
1573,218958,38,20
1574,218959,38,26
1575,218960,38,17
1576,218961,38,0
1577,218962,38,2
1578,218963,38,12
1579,218964,38,9
1580,218965,38,18
1581,218966,38,20
1582,218967,38,30
1583,218968,38,22
1584,218969,38,26
1585,218970,38,24
1586,218971,38,32
1587,218972,38,2
1588,218973,38,18
1589,218974,38,11
1590,218975,38,21
1591,218976,38,13
1592,218977,38,31
1593,218978,38,16
1594,218979,38,7
1595,218980,38,10
1596,218981,38,30
1597,218982,38,1
1598,218983,38,32
1599,218984,38,31
1600,218985,38,7
1601,218986,38,13
1602,218987,38,15
1603,218988,38,4
1604,218989,38,13
1605,218990,38,22
1606,218991,38,25
1607,218992,38,30
1608,218993,38,7
1609,218994,38,11
1610,218995,38,7
1611,218996,38,0
1612,218997,38,1
1613,218998,38,3
1614,218999,38,11
1615,219000,38,3
1616,219001,38,13
1617,219002,38,14
1618,219003,38,5
1619,219004,38,26
1620,219005,38,10
1621,219006,38,25
1622,219007,38,18
1623,219008,38,9
1624,219009,38,2
1625,219010,38,21
1626,219011,38,2
1627,219012,38,28
1628,219013,38,24
1629,219014,38,24
1630,219015,38,23
1631,219016,38,18
1632,219017,38,1
1633,219018,38,12
1634,219019,38,24
1635,219020,38,23
1636,219021,38,33
1637,219022,38,19
1638,219023,38,30
1639,219024,38,13
1640,219025,38,33
1641,219026,38,10
1642,219027,38,5
1643,219028,38,14
1644,219029,38,22
1645,219030,38,8
1646,219031,38,10
1647,219032,38,25
1648,219033,38,18
1649,219034,38,9
1650,219035,38,27
1651,219036,38,22
1652,219037,38,26
1653,219038,38,20
1654,219039,38,10
1655,219040,38,3
1656,219041,38,20
1657,219042,38,10
1658,219043,38,11
1659,219044,38,11
1660,219045,38,29
1661,219046,38,28
1662,219047,38,15
1663,219048,38,20
1664,219049,38,6
1665,219050,38,24
1666,219051,38,14
1667,219052,38,25
1668,219053,38,20
1669,219054,38,18
1670,219055,38,29
1671,219056,38,15
1672,219057,38,30
1673,219058,38,5
1674,219059,38,12
1675,219060,38,8
1676,219061,38,10
1677,219062,38,3
1678,219063,38,27
1679,219064,38,0
1680,219065,38,20
1681,219066,38,28
1682,219067,38,7
1683,219068,38,12
1684,219069,38,20
1685,219070,38,27
1686,219071,38,4
1687,219072,38,7
1688,219073,38,29
1689,219074,38,10
1690,219075,38,8
1691,219076,38,6
1692,219077,38,7
1693,219078,38,27
1694,219079,38,29
1695,219080,38,16
1696,219081,38,3
1697,219082,38,22
1698,219083,38,27
1699,219084,38,26
1700,219085,38,10
1701,219086,38,31
1702,219087,38,27
1703,219088,38,18
1704,219089,38,17
1705,219090,38,14
1706,219091,38,9
1707,219092,38,0
1708,219093,38,26
1709,219094,38,30
1710,219095,38,24
1711,219096,38,30
1712,219097,38,33
1713,219098,38,17
1714,219099,38,4
1715,219100,38,28
1716,219101,38,24
1717,219102,38,19
1718,219103,38,32
1719,219104,38,25
1720,219105,38,20
1721,219106,38,18
1722,219107,38,17
1723,219108,38,8
1724,219109,38,30
1725,219110,38,5
1726,219111,38,15
1727,219112,38,11
1728,219113,38,16
1729,219114,38,25
1730,219115,38,2
1731,219116,38,32
1732,219117,38,11
1733,219118,38,7
1734,219119,38,1
1735,219120,38,29
1736,219121,38,11
1737,219122,38,31
1738,219123,38,20
1739,219124,38,0
1740,219125,38,27
1741,219126,38,19
1742,219127,38,0
1743,219128,38,16
1744,219129,38,2
1745,219130,38,13
1746,219131,38,6
1747,219132,38,10
1748,219133,38,6
1749,219134,38,8
1750,219135,38,29
1751,219136,38,23
1752,219137,38,23
1753,219138,38,16
1754,219139,38,28
1755,219140,38,17
1756,219141,38,33
1757,219142,38,8
1758,219143,38,2
1759,219144,38,14
1760,219145,38,6
1761,219146,38,18
1762,219147,38,17
1763,219148,38,4
1764,219149,38,26
1765,219150,38,4
1766,219151,38,11
1767,219152,38,8
1768,219153,38,33
1769,219154,38,32
1770,219155,38,8
1771,219156,38,29
1772,219157,38,19
1773,219158,38,33
1774,219159,38,2
1775,219160,38,26
1776,219161,38,8
1777,219162,38,2
1778,219163,38,1
1779,219164,38,6
1780,219165,38,22
1781,219166,38,31
1782,219167,38,5
1783,219168,38,23
1784,219169,38,12
1785,219170,38,5
1786,219171,38,15
1787,219172,38,26
1788,219173,38,25
1789,219174,38,27
1790,219175,38,4
1791,219176,38,0
1792,219177,38,2
1793,219178,38,33
1794,219179,38,5
1795,219180,38,22
1796,219181,38,18
1797,219182,38,23
1798,219183,38,0
1799,219184,38,17
1800,219185,38,10
1801,219186,38,13
1802,219187,38,23
1803,219188,38,6
1804,219189,38,24
1805,219190,38,28
1806,219191,38,28
1807,219192,38,32
1808,219193,38,18
1809,219194,38,27
1810,219195,38,1
1811,219196,38,11
1812,219197,38,17
1813,219198,38,16
1814,219199,38,30
1815,219200,38,21
1816,219201,38,22
1817,219202,38,22
1818,219203,38,24
1819,219204,38,13
1820,219205,38,19
1821,219206,38,31
1822,219207,38,7
1823,219208,38,29
1824,219209,38,13
1825,219210,38,12
1826,219211,38,13
1827,219212,38,6
1828,219213,38,27
1829,219214,38,27
1830,219215,38,15
1831,219216,38,17
1832,219217,38,16
1833,219218,38,24
1834,219219,38,21
1835,219220,38,25
1836,219221,38,9
1837,219222,38,32
1838,219223,38,32
1839,219224,38,15
1840,219225,38,25
1841,219226,38,20
1842,219227,38,22
1843,219228,38,32
1844,219229,38,8
1845,219230,38,29
1846,219231,38,22
1847,219232,38,16
1848,219233,38,1
1849,219234,38,24
1850,219235,38,10
1851,219236,38,13
1852,219237,38,5
1853,219238,38,31
1854,219239,38,11
1855,219240,38,2
1856,219241,38,33
1857,219242,38,18
1858,219243,38,6
1859,219244,38,3
1860,219245,38,13
1861,219246,38,15
1862,219247,38,22
1863,219248,38,13
1864,219249,38,30
1865,219250,38,1
1866,219251,38,23
1867,219252,38,25
1868,219253,38,5
1869,219254,38,25
1870,219255,38,31
1871,219256,38,29
1872,219257,38,0
1873,219258,38,15
1874,219259,38,30
1875,219260,38,25
1876,219261,38,1
1877,219262,38,13
1878,219263,38,4
1879,219264,38,18
1880,219265,38,13
1881,219266,38,33
1882,219267,38,18
1883,219268,38,19
1884,219269,38,5
1885,219270,38,31
1886,219271,38,31
1887,219272,38,18
1888,219273,38,2
1889,219274,38,20
1890,219275,38,12
1891,219276,38,25
1892,219277,38,2
1893,219278,38,27
1894,219279,38,21
1895,219280,38,33
1896,219281,38,28
1897,219282,38,29
1898,219283,38,21
1899,219284,38,10
1900,219285,38,6
1901,219286,38,19
1902,219287,38,26
1903,219288,38,16
1904,219289,38,3
1905,219290,38,23
1906,219291,38,1
1907,219292,38,23
1908,219293,38,33
1909,219294,38,8
1910,219295,38,21
1911,219296,38,17
1912,219297,38,31
1913,219298,38,29
1914,219299,38,13
1915,219300,38,31
1916,219301,38,20
1917,219302,38,25
1918,219303,38,21
1919,219304,38,29
1920,219305,38,7
1921,219306,38,9
1922,219307,38,26
1923,219308,38,11
1924,219309,38,32
1925,219310,38,7
1926,219311,38,32
1927,219312,38,3
1928,219313,38,10
1929,219314,38,1
1930,219315,38,16
1931,219316,38,12
1932,219317,38,26
1933,219318,38,9
1934,219319,38,28
1935,219320,38,12
1936,219321,38,2
1937,219322,38,26
1938,219323,38,18
1939,219324,38,32
1940,219325,38,22
1941,219326,38,5
1942,219327,38,23
1943,219328,38,2
1944,219329,38,30
1945,219330,38,17
1946,219331,38,32
1947,219332,38,8
1948,219333,38,25
1949,219334,38,1
1950,219335,38,6
1951,219336,38,30
1952,219337,38,26
1953,219338,38,28
1954,219339,38,8
1955,219340,38,16
1956,219341,38,12
1957,219342,38,13
1958,219343,38,30
1959,219344,38,23
1960,219345,38,21
1961,219346,38,17
1962,219347,38,0
1963,219348,38,24
1964,219349,38,1
1965,219350,38,11
1966,219351,38,0
1967,219352,38,21
1968,219353,38,24
1969,219354,38,14
1970,219355,38,33
1971,219356,38,7
1972,219357,38,1
1973,219358,38,3
1974,219359,38,33
1975,219360,38,4
1976,219361,38,16
1977,219362,38,2
1978,219363,38,7
1979,219364,38,15
1980,219365,38,1
1981,219366,38,18
1982,219367,38,16
1983,219368,38,30
1984,219369,38,25
1985,219370,38,0
1986,219371,38,31
1987,219372,38,18
1988,219373,38,13
1989,219374,38,22
1990,219375,38,9
1991,219376,38,29
1992,219377,38,4
1993,219378,38,10
1994,219379,38,15
1995,219380,38,16
1996,219381,38,15
1997,219382,38,4
1998,219383,38,7
1999,219384,38,15
2000,219385,38,24
2001,219386,38,13
2002,219387,38,11
2003,219388,38,8
2004,219389,38,32
2005,219390,38,12
2006,219391,38,8
2007,219392,38,23
2008,219393,38,24
2009,219394,38,22
2010,219395,38,12
2011,219396,38,14
2012,219397,38,22
2013,219398,38,22
2014,219399,38,23
2015,219400,38,3
2016,219401,38,12
2017,219402,38,8
2018,219403,38,4
2019,219404,38,10
2020,219405,38,24
2021,219406,38,16
2022,219407,38,13
2023,219408,38,14
2024,219409,38,8
2025,219410,38,14
2026,219411,38,26
2027,219412,38,6
2028,219413,38,1
2029,219414,38,32
2030,219415,38,12
2031,219416,38,22
2032,219417,38,22
2033,219418,38,11
2034,219419,38,32
2035,219420,38,12
2036,219421,38,14
2037,219422,38,24
2038,219423,38,28
2039,219424,38,9
2040,219425,38,6
2041,219426,38,18
2042,219427,38,3
2043,219428,38,11
2044,219429,38,5
2045,219430,38,2
2046,219431,38,16
2047,219432,38,10
2048,219433,38,6
2049,219434,38,1
2050,219435,38,15
2051,219436,38,22
2052,219437,38,21
2053,219438,38,4
2054,219439,38,22
2055,219440,38,13
2056,219441,38,10
2057,219442,38,9
2058,219443,38,27
2059,219444,38,2
2060,219445,38,13
2061,219446,38,15
2062,219447,38,8
2063,219448,38,20
2064,219449,38,22
2065,219450,38,13
2066,219451,38,20
2067,219452,38,18
2068,219453,38,19
2069,219454,38,31
2070,219455,38,5
2071,219456,38,11
2072,219457,38,14
2073,219458,38,16
2074,219459,38,16
2075,219460,38,6
2076,219461,38,22
2077,219462,38,17
2078,219463,38,1
2079,219464,38,28
2080,219465,38,4
2081,219466,38,31
2082,219467,38,20
2083,219468,38,19
2084,219469,38,14
2085,219470,38,7
2086,219471,38,9
2087,219472,38,29
2088,219473,38,4
2089,219474,38,28
2090,219475,38,3
2091,219476,38,30
2092,219477,38,5
2093,219478,38,8
2094,219479,38,16
2095,219480,38,11
2096,219481,38,1
2097,219482,38,2
2098,219483,38,16
2099,219484,38,7
2100,219485,38,12
2101,219486,38,28
2102,219487,38,2
2103,219488,38,22
2104,219489,38,0
2105,219490,38,33
2106,219491,38,5
2107,219492,38,27
2108,219493,38,26
2109,219494,38,20
2110,219495,38,0
2111,219496,38,11
2112,219497,38,12
2113,219498,38,25
2114,219499,38,23
2115,218443,39,16
2116,218444,39,13
2117,218445,39,28
2118,218446,39,5
2119,218447,39,30
2120,218448,39,1
2121,218449,39,33
2122,218450,39,24
2123,218451,39,7
2124,218452,39,12
2125,218453,39,8
2126,218454,39,3
2127,218455,39,6
2128,218456,39,29
2129,218457,39,29
2130,218458,39,5
2131,218459,39,33
2132,218460,39,10
2133,218461,39,28
2134,218462,39,2
2135,218463,39,30
2136,218464,39,9
2137,218465,39,27
2138,218466,39,18
2139,218467,39,8
2140,218468,39,6
2141,218469,39,13
2142,218470,39,9
2143,218471,39,27
2144,218472,39,2
2145,218473,39,19
2146,218474,39,5
2147,218475,39,32
2148,218476,39,30
2149,218477,39,25
2150,218478,39,6
2151,218479,39,32
2152,218480,39,9
2153,218481,39,19
2154,218482,39,24
2155,218483,39,16
2156,218484,39,22
2157,218485,39,25
2158,218486,39,33
2159,218487,39,10
2160,218488,39,14
2161,218489,39,12
2162,218490,39,24
2163,218491,39,18
2164,218492,39,9
2165,218493,39,26
2166,218494,39,7
2167,218495,39,25
2168,218496,39,26
2169,218497,39,30
2170,218498,39,5
2171,218499,39,10
2172,218500,39,0
2173,218501,39,9
2174,218502,39,23
2175,218503,39,23
2176,218504,39,28
2177,218505,39,10
2178,218506,39,21
2179,218507,39,26
2180,218508,39,28
2181,218509,39,24
2182,218510,39,23
2183,218511,39,30
2184,218512,39,19
2185,218513,39,12
2186,218514,39,30
2187,218515,39,20
2188,218516,39,18
2189,218517,39,24
2190,218518,39,31
2191,218519,39,27
2192,218520,39,8
2193,218521,39,21
2194,218522,39,21
2195,218523,39,28
2196,218524,39,13
2197,218525,39,32
2198,218526,39,7
2199,218527,39,6
2200,218528,39,29
2201,218529,39,20
2202,218530,39,24
2203,218531,39,33
2204,218532,39,6
2205,218533,39,5
2206,218534,39,3
2207,218535,39,10
2208,218536,39,12
2209,218537,39,12
2210,218538,39,13
2211,218539,39,16
2212,218540,39,28
2213,218541,39,14
2214,218542,39,10
2215,218543,39,16
2216,218544,39,29
2217,218545,39,4
2218,218546,39,15
2219,218547,39,6
2220,218548,39,30
2221,218549,39,22
2222,218550,39,1
2223,218551,39,14
2224,218552,39,17
2225,218553,39,32
2226,218554,39,8
2227,218555,39,20
2228,218556,39,33
2229,218557,39,27
2230,218558,39,32
2231,218559,39,33
2232,218560,39,32
2233,218561,39,21
2234,218562,39,15
2235,218563,39,16
2236,218564,39,24
2237,218565,39,18
2238,218566,39,31
2239,218567,39,0
2240,218568,39,2
2241,218569,39,23
2242,218570,39,20
2243,218571,39,16
2244,218572,39,31
2245,218573,39,31
2246,218574,39,32
2247,218575,39,12
2248,218576,39,1
2249,218577,39,26
2250,218578,39,9
2251,218579,39,24
2252,218580,39,13
2253,218581,39,21
2254,218582,39,20
2255,218583,39,14
2256,218584,39,26
2257,218585,39,9
2258,218586,39,17
2259,218587,39,17
2260,218588,39,13
2261,218589,39,11
2262,218590,39,29
2263,218591,39,11
2264,218592,39,21
2265,218593,39,10
2266,218594,39,26
2267,218595,39,12
2268,218596,39,21
2269,218597,39,11
2270,218598,39,11
2271,218599,39,9
2272,218600,39,27
2273,218601,39,19
2274,218602,39,30
2275,218603,39,32
2276,218604,39,13
2277,218605,39,26
2278,218606,39,21
2279,218607,39,22
2280,218608,39,1
2281,218609,39,1
2282,218610,39,6
2283,218611,39,22
2284,218612,39,30
2285,218613,39,28
2286,218614,39,7
2287,218615,39,3
2288,218616,39,9
2289,218617,39,3
2290,218618,39,24
2291,218619,39,0
2292,218620,39,33
2293,218621,39,1
2294,218622,39,30
2295,218623,39,7
2296,218624,39,0
2297,218625,39,14
2298,218626,39,4
2299,218627,39,20
2300,218628,39,28
2301,218629,39,31
2302,218630,39,20
2303,218631,39,5
2304,218632,39,11
2305,218633,39,6
2306,218634,39,2
2307,218635,39,0
2308,218636,39,31
2309,218637,39,26
2310,218638,39,15
2311,218639,39,11
2312,218640,39,33
2313,218641,39,18
2314,218642,39,8
2315,218643,39,27
2316,218644,39,6
2317,218645,39,6
2318,218646,39,21
2319,218647,39,3
2320,218648,39,13
2321,218649,39,18
2322,218650,39,19
2323,218651,39,10
2324,218652,39,2
2325,218653,39,27
2326,218654,39,20
2327,218655,39,2
2328,218656,39,19
2329,218657,39,17
2330,218658,39,32
2331,218659,39,31
2332,218660,39,26
2333,218661,39,28
2334,218662,39,25
2335,218663,39,7
2336,218664,39,14
2337,218665,39,26
2338,218666,39,13
2339,218667,39,16
2340,218668,39,9
2341,218669,39,31
2342,218670,39,19
2343,218671,39,5
2344,218672,39,29
2345,218673,39,10
2346,218674,39,29
2347,218675,39,28
2348,218676,39,6
2349,218677,39,6
2350,218678,39,15
2351,218679,39,11
2352,218680,39,7
2353,218681,39,2
2354,218682,39,5
2355,218683,39,26
2356,218684,39,31
2357,218685,39,28
2358,218686,39,12
2359,218687,39,22
2360,218688,39,20
2361,218689,39,10
2362,218690,39,21
2363,218691,39,23
2364,218692,39,17
2365,218693,39,18
2366,218694,39,25
2367,218695,39,28
2368,218696,39,14
2369,218697,39,3
2370,218698,39,14
2371,218699,39,13
2372,218700,39,11
2373,218701,39,21
2374,218702,39,30
2375,218703,39,15
2376,218704,39,10
2377,218705,39,20
2378,218706,39,18
2379,218707,39,2
2380,218708,39,1
2381,218709,39,22
2382,218710,39,9
2383,218711,39,28
2384,218712,39,6
2385,218713,39,29
2386,218714,39,5
2387,218715,39,6
2388,218716,39,20
2389,218717,39,32
2390,218718,39,30
2391,218719,39,22
2392,218720,39,27
2393,218721,39,16
2394,218722,39,16
2395,218723,39,30
2396,218724,39,26
2397,218725,39,5
2398,218726,39,13
2399,218727,39,0
2400,218728,39,15
2401,218729,39,26
2402,218730,39,12
2403,218731,39,31
2404,218732,39,12
2405,218733,39,31
2406,218734,39,17
2407,218735,39,27
2408,218736,39,19
2409,218737,39,4
2410,218738,39,1
2411,218739,39,12
2412,218740,39,18
2413,218741,39,20
2414,218742,39,6
2415,218743,39,0
2416,218744,39,14
2417,218745,39,20
2418,218746,39,23
2419,218747,39,32
2420,218748,39,27
2421,218749,39,21
2422,218750,39,6
2423,218751,39,22
2424,218752,39,29
2425,218753,39,25
2426,218754,39,30
2427,218755,39,30
2428,218756,39,1
2429,218757,39,19
2430,218758,39,5
2431,218759,39,24
2432,218760,39,23
2433,218761,39,30
2434,218762,39,13
2435,218763,39,23
2436,218764,39,16
2437,218765,39,10
2438,218766,39,27
2439,218767,39,24
2440,218768,39,33
2441,218769,39,28
2442,218770,39,21
2443,218771,39,27
2444,218772,39,31
2445,218773,39,32
2446,218774,39,29
2447,218775,39,24
2448,218776,39,6
2449,218777,39,17
2450,218778,39,7
2451,218779,39,7
2452,218780,39,1
2453,218781,39,26
2454,218782,39,14
2455,218783,39,16
2456,218784,39,21
2457,218785,39,9
2458,218786,39,9
2459,218787,39,28
2460,218788,39,10
2461,218789,39,29
2462,218790,39,16
2463,218791,39,25
2464,218792,39,14
2465,218793,39,26
2466,218794,39,5
2467,218795,39,33
2468,218796,39,5
2469,218797,39,5
2470,218798,39,1
2471,218799,39,32
2472,218800,39,14
2473,218801,39,7
2474,218802,39,32
2475,218803,39,21
2476,218804,39,32
2477,218805,39,13
2478,218806,39,26
2479,218807,39,11
2480,218808,39,29
2481,218809,39,18
2482,218810,39,30
2483,218811,39,19
2484,218812,39,10
2485,218813,39,24
2486,218814,39,4
2487,218815,39,6
2488,218816,39,26
2489,218817,39,29
2490,218818,39,26
2491,218819,39,27
2492,218820,39,13
2493,218821,39,19
2494,218822,39,12
2495,218823,39,22
2496,218824,39,13
2497,218825,39,32
2498,218826,39,10
2499,218827,39,6
2500,218828,39,16
2501,218829,39,17
2502,218830,39,25
2503,218831,39,7
2504,218832,39,25
2505,218833,39,25
2506,218834,39,14
2507,218835,39,11
2508,218836,39,29
2509,218837,39,10
2510,218838,39,12
2511,218839,39,3
2512,218840,39,23
2513,218841,39,30
2514,218842,39,32
2515,218843,39,10
2516,218844,39,18
2517,218845,39,13
2518,218846,39,29
2519,218847,39,16
2520,218848,39,23
2521,218849,39,33
2522,218850,39,18
2523,218851,39,19
2524,218852,39,27
2525,218853,39,8
2526,218854,39,14
2527,218855,39,15
2528,218856,39,1
2529,218857,39,1
2530,218858,39,5
2531,218859,39,15
2532,218860,39,14
2533,218861,39,13
2534,218862,39,13
2535,218863,39,16
2536,218864,39,33
2537,218865,39,23
2538,218866,39,30
2539,218867,39,22
2540,218868,39,19
2541,218869,39,6
2542,218870,39,5
2543,218871,39,1
2544,218872,39,20
2545,218873,39,25
2546,218874,39,31
2547,218875,39,16
2548,218876,39,28
2549,218877,39,29
2550,218878,39,24
2551,218879,39,19
2552,218880,39,16
2553,218881,39,33
2554,218882,39,24
2555,218883,39,7
2556,218884,39,22
2557,218885,39,31
2558,218886,39,33
2559,218887,39,1
2560,218888,39,29
2561,218889,39,32
2562,218890,39,27
2563,218891,39,0
2564,218892,39,26
2565,218893,39,26
2566,218894,39,21
2567,218895,39,31
2568,218896,39,24
2569,218897,39,22
2570,218898,39,19
2571,218899,39,25
2572,218900,39,22
2573,218901,39,2
2574,218902,39,29
2575,218903,39,15
2576,218904,39,30
2577,218905,39,1
2578,218906,39,11
2579,218907,39,15
2580,218908,39,4
2581,218909,39,23
2582,218910,39,25
2583,218911,39,32
2584,218912,39,6
2585,218913,39,8
2586,218914,39,27
2587,218915,39,7
2588,218916,39,16
2589,218917,39,29
2590,218918,39,16
2591,218919,39,5
2592,218920,39,25
2593,218921,39,15
2594,218922,39,11
2595,218923,39,11
2596,218924,39,9
2597,218925,39,33
2598,218926,39,19
2599,218927,39,25
2600,218928,39,24
2601,218929,39,10
2602,218930,39,0
2603,218931,39,2
2604,218932,39,3
2605,218933,39,1
2606,218934,39,9
2607,218935,39,3
2608,218936,39,23
2609,218937,39,28
2610,218938,39,28
2611,218939,39,16
2612,218940,39,29
2613,218941,39,1
2614,218942,39,23
2615,218943,39,33
2616,218944,39,23
2617,218945,39,11
2618,218946,39,29
2619,218947,39,31
2620,218948,39,15
2621,218949,39,16
2622,218950,39,24
2623,218951,39,29
2624,218952,39,9
2625,218953,39,0
2626,218954,39,9
2627,218955,39,19
2628,218956,39,25
2629,218957,39,5
2630,218958,39,25
2631,218959,39,4
2632,218960,39,11
2633,218961,39,32
2634,218962,39,21
2635,218963,39,8
2636,218964,39,26
2637,218965,39,20
2638,218966,39,17
2639,218967,39,16
2640,218968,39,29
2641,218969,39,2
2642,218970,39,1
2643,218971,39,13
2644,218972,39,8
2645,218973,39,3
2646,218974,39,9
2647,218975,39,17
2648,218976,39,21
2649,218977,39,24
2650,218978,39,22
2651,218979,39,17
2652,218980,39,8
2653,218981,39,6
2654,218982,39,12
2655,218983,39,17
2656,218984,39,17
2657,218985,39,13
2658,218986,39,26
2659,218987,39,25
2660,218988,39,17
2661,218989,39,11
2662,218990,39,14
2663,218991,39,4
2664,218992,39,32
2665,218993,39,32
2666,218994,39,24
2667,218995,39,30
2668,218996,39,11
2669,218997,39,22
2670,218998,39,5
2671,218999,39,30
2672,219000,39,30
2673,219001,39,24
2674,219002,39,4
2675,219003,39,24
2676,219004,39,32
2677,219005,39,30
2678,219006,39,7
2679,219007,39,14
2680,219008,39,2
2681,219009,39,0
2682,219010,39,7
2683,219011,39,1
2684,219012,39,26
2685,219013,39,31
2686,219014,39,6
2687,219015,39,19
2688,219016,39,25
2689,219017,39,20
2690,219018,39,26
2691,219019,39,31
2692,219020,39,22
2693,219021,39,8
2694,219022,39,3
2695,219023,39,33
2696,219024,39,6
2697,219025,39,21
2698,219026,39,19
2699,219027,39,32
2700,219028,39,14
2701,219029,39,25
2702,219030,39,0
2703,219031,39,23
2704,219032,39,29
2705,219033,39,24
2706,219034,39,26
2707,219035,39,24
2708,219036,39,0
2709,219037,39,10
2710,219038,39,33
2711,219039,39,32
2712,219040,39,5
2713,219041,39,6
2714,219042,39,8
2715,219043,39,18
2716,219044,39,4
2717,219045,39,5
2718,219046,39,33
2719,219047,39,15
2720,219048,39,30
2721,219049,39,17
2722,219050,39,14
2723,219051,39,0
2724,219052,39,24
2725,219053,39,1
2726,219054,39,13
2727,219055,39,5
2728,219056,39,19
2729,219057,39,10
2730,219058,39,22
2731,219059,39,27
2732,219060,39,1
2733,219061,39,11
2734,219062,39,9
2735,219063,39,7
2736,219064,39,3
2737,219065,39,15
2738,219066,39,23
2739,219067,39,8
2740,219068,39,20
2741,219069,39,24
2742,219070,39,24
2743,219071,39,32
2744,219072,39,27
2745,219073,39,25
2746,219074,39,6
2747,219075,39,29
2748,219076,39,7
2749,219077,39,16
2750,219078,39,24
2751,219079,39,17
2752,219080,39,8
2753,219081,39,22
2754,219082,39,1
2755,219083,39,25
2756,219084,39,4
2757,219085,39,31
2758,219086,39,28
2759,219087,39,10
2760,219088,39,33
2761,219089,39,8
2762,219090,39,28
2763,219091,39,18
2764,219092,39,9
2765,219093,39,5
2766,219094,39,19
2767,219095,39,1
2768,219096,39,10
2769,219097,39,6
2770,219098,39,17
2771,219099,39,19
2772,219100,39,0
2773,219101,39,4
2774,219102,39,3
2775,219103,39,23
2776,219104,39,6
2777,219105,39,13
2778,219106,39,15
2779,219107,39,24
2780,219108,39,30
2781,219109,39,6
2782,219110,39,13
2783,219111,39,26
2784,219112,39,20
2785,219113,39,23
2786,219114,39,2
2787,219115,39,3
2788,219116,39,30
2789,219117,39,15
2790,219118,39,22
2791,219119,39,22
2792,219120,39,15
2793,219121,39,12
2794,219122,39,32
2795,219123,39,5
2796,219124,39,18
2797,219125,39,11
2798,219126,39,25
2799,219127,39,1
2800,219128,39,13
2801,219129,39,23
2802,219130,39,32
2803,219131,39,13
2804,219132,39,26
2805,219133,39,12
2806,219134,39,5
2807,219135,39,0
2808,219136,39,16
2809,219137,39,9
2810,219138,39,0
2811,219139,39,3
2812,219140,39,6
2813,219141,39,31
2814,219142,39,6
2815,219143,39,7
2816,219144,39,29
2817,219145,39,29
2818,219146,39,15
2819,219147,39,11
2820,219148,39,4
2821,219149,39,19
2822,219150,39,0
2823,219151,39,18
2824,219152,39,22
2825,219153,39,7
2826,219154,39,2
2827,219155,39,19
2828,219156,39,7
2829,219157,39,23
2830,219158,39,6
2831,219159,39,21
2832,219160,39,32
2833,219161,39,19
2834,219162,39,5
2835,219163,39,32
2836,219164,39,15
2837,219165,39,22
2838,219166,39,22
2839,219167,39,9
2840,219168,39,22
2841,219169,39,29
2842,219170,39,23
2843,219171,39,24
2844,219172,39,33
2845,219173,39,6
2846,219174,39,1
2847,219175,39,4
2848,219176,39,31
2849,219177,39,11
2850,219178,39,21
2851,219179,39,17
2852,219180,39,20
2853,219181,39,13
2854,219182,39,5
2855,219183,39,15
2856,219184,39,4
2857,219185,39,24
2858,219186,39,1
2859,219187,39,31
2860,219188,39,20
2861,219189,39,26
2862,219190,39,3
2863,219191,39,27
2864,219192,39,5
2865,219193,39,12
2866,219194,39,12
2867,219195,39,22
2868,219196,39,2
2869,219197,39,8
2870,219198,39,10
2871,219199,39,27
2872,219200,39,2
2873,219201,39,4
2874,219202,39,28
2875,219203,39,14
2876,219204,39,10
2877,219205,39,14
2878,219206,39,4
2879,219207,39,30
2880,219208,39,8
2881,219209,39,12
2882,219210,39,20
2883,219211,39,15
2884,219212,39,31
2885,219213,39,15
2886,219214,39,24
2887,219215,39,15
2888,219216,39,29
2889,219217,39,24
2890,219218,39,23
2891,219219,39,6
2892,219220,39,28
2893,219221,39,1
2894,219222,39,0
2895,219223,39,23
2896,219224,39,14
2897,219225,39,0
2898,219226,39,23
2899,219227,39,10
2900,219228,39,20
2901,219229,39,3
2902,219230,39,3
2903,219231,39,19
2904,219232,39,15
2905,219233,39,28
2906,219234,39,13
2907,219235,39,9
2908,219236,39,20
2909,219237,39,23
2910,219238,39,23
2911,219239,39,19
2912,219240,39,6
2913,219241,39,11
2914,219242,39,20
2915,219243,39,31
2916,219244,39,15
2917,219245,39,9
2918,219246,39,2
2919,219247,39,18
2920,219248,39,20
2921,219249,39,13
2922,219250,39,11
2923,219251,39,25
2924,219252,39,30
2925,219253,39,22
2926,219254,39,23
2927,219255,39,17
2928,219256,39,25
2929,219257,39,17
2930,219258,39,28
2931,219259,39,25
2932,219260,39,10
2933,219261,39,26
2934,219262,39,25
2935,219263,39,21
2936,219264,39,8
2937,219265,39,14
2938,219266,39,17
2939,219267,39,10
2940,219268,39,25
2941,219269,39,29
2942,219270,39,23
2943,219271,39,29
2944,219272,39,9
2945,219273,39,16
2946,219274,39,27
2947,219275,39,18
2948,219276,39,12
2949,219277,39,1
2950,219278,39,20
2951,219279,39,29
2952,219280,39,0
2953,219281,39,29
2954,219282,39,22
2955,219283,39,18
2956,219284,39,27
2957,219285,39,20
2958,219286,39,0
2959,219287,39,8
2960,219288,39,17
2961,219289,39,11
2962,219290,39,19
2963,219291,39,29
2964,219292,39,9
2965,219293,39,8
2966,219294,39,30
2967,219295,39,7
2968,219296,39,21
2969,219297,39,15
2970,219298,39,22
2971,219299,39,19
2972,219300,39,7
2973,219301,39,0
2974,219302,39,21
2975,219303,39,25
2976,219304,39,32
2977,219305,39,12
2978,219306,39,11
2979,219307,39,0
2980,219308,39,26
2981,219309,39,26
2982,219310,39,13
2983,219311,39,20
2984,219312,39,9
2985,219313,39,27
2986,219314,39,8
2987,219315,39,7
2988,219316,39,1
2989,219317,39,32
2990,219318,39,27
2991,219319,39,9
2992,219320,39,1
2993,219321,39,33
2994,219322,39,14
2995,219323,39,31
2996,219324,39,9
2997,219325,39,31
2998,219326,39,9
2999,219327,39,8
3000,219328,39,12
3001,219329,39,4
3002,219330,39,13
3003,219331,39,33
3004,219332,39,1
3005,219333,39,29
3006,219334,39,14
3007,219335,39,11
3008,219336,39,13
3009,219337,39,16
3010,219338,39,13
3011,219339,39,10
3012,219340,39,15
3013,219341,39,24
3014,219342,39,23
3015,219343,39,3
3016,219344,39,7
3017,219345,39,8
3018,219346,39,28
3019,219347,39,1
3020,219348,39,4
3021,219349,39,18
3022,219350,39,31
3023,219351,39,13
3024,219352,39,18
3025,219353,39,13
3026,219354,39,22
3027,219355,39,8
3028,219356,39,30
3029,219357,39,13
3030,219358,39,24
3031,219359,39,7
3032,219360,39,8
3033,219361,39,13
3034,219362,39,32
3035,219363,39,1
3036,219364,39,2
3037,219365,39,23
3038,219366,39,6
3039,219367,39,31
3040,219368,39,11
3041,219369,39,16
3042,219370,39,19
3043,219371,39,31
3044,219372,39,31
3045,219373,39,10
3046,219374,39,18
3047,219375,39,23
3048,219376,39,3
3049,219377,39,26
3050,219378,39,28
3051,219379,39,26
3052,219380,39,2
3053,219381,39,7
3054,219382,39,12
3055,219383,39,6
3056,219384,39,3
3057,219385,39,18
3058,219386,39,28
3059,219387,39,14
3060,219388,39,32
3061,219389,39,26
3062,219390,39,4
3063,219391,39,8
3064,219392,39,4
3065,219393,39,5
3066,219394,39,7
3067,219395,39,16
3068,219396,39,1
3069,219397,39,20
3070,219398,39,23
3071,219399,39,13
3072,219400,39,10
3073,219401,39,29
3074,219402,39,21
3075,219403,39,1
3076,219404,39,1
3077,219405,39,32
3078,219406,39,32
3079,219407,39,1
3080,219408,39,19
3081,219409,39,20
3082,219410,39,9
3083,219411,39,24
3084,219412,39,6
3085,219413,39,30
3086,219414,39,15
3087,219415,39,32
3088,219416,39,18
3089,219417,39,16
3090,219418,39,29
3091,219419,39,11
3092,219420,39,25
3093,219421,39,31
3094,219422,39,12
3095,219423,39,14
3096,219424,39,30
3097,219425,39,14
3098,219426,39,29
3099,219427,39,13
3100,219428,39,32
3101,219429,39,5
3102,219430,39,32
3103,219431,39,3
3104,219432,39,12
3105,219433,39,14
3106,219434,39,21
3107,219435,39,19
3108,219436,39,3
3109,219437,39,28
3110,219438,39,2
3111,219439,39,6
3112,219440,39,8
3113,219441,39,3
3114,219442,39,31
3115,219443,39,7
3116,219444,39,22
3117,219445,39,9
3118,219446,39,9
3119,219447,39,10
3120,219448,39,15
3121,219449,39,19
3122,219450,39,16
3123,219451,39,12
3124,219452,39,32
3125,219453,39,14
3126,219454,39,13
3127,219455,39,3
3128,219456,39,13
3129,219457,39,18
3130,219458,39,17
3131,219459,39,15
3132,219460,39,31
3133,219461,39,19
3134,219462,39,32
3135,219463,39,29
3136,219464,39,3
3137,219465,39,6
3138,219466,39,16
3139,219467,39,13
3140,219468,39,1
3141,219469,39,5
3142,219470,39,13
3143,219471,39,18
3144,219472,39,13
3145,219473,39,5
3146,219474,39,23
3147,219475,39,21
3148,219476,39,2
3149,219477,39,5
3150,219478,39,22
3151,219479,39,4
3152,219480,39,23
3153,219481,39,4
3154,219482,39,23
3155,219483,39,18
3156,219484,39,12
3157,219485,39,26
3158,219486,39,8
3159,219487,39,6
3160,219488,39,13
3161,219489,39,9
3162,219490,39,13
3163,219491,39,20
3164,219492,39,30
3165,219493,39,0
3166,219494,39,11
3167,219495,39,25
3168,219496,39,31
3169,219497,39,31
3170,219498,39,20
3171,219499,39,14
